origin,total_pop,attendance,attendance_per_1k,rank_attendance_per_1k,gift_revenue,gift_revenue_per_1k,rank_gift_revenue_per_1k,objects_purchased,objects_purchased_per_1k,rank_objects_purchased_per_1k
art_institute_of_chicago,1205991,1230912,1020.6643333159202,2,18500000,15340.081310722884,2,450,0.3731371129635296,1
baltimore_museum_of_art,1225603,206357,168.3718137112915,5,3200000,2610.9596663846287,5,120,0.09791098748942356,5
museum_of_fine_arts_boston,1626418,849107,522.0718167162439,4,12000000,7378.177073790378,3,380,0.233642274003362,3
national_portrait_gallery,2068526,1147388,554.6887010363902,3,15000000,7251.540468913613,4,340,0.16436825062870858,4
museum_of_modern_art_nyc,2603282,2687021,1032.1667034151506,1,45000000,17285.872218222998,1,900,0.34571744436445995,2
